,J48,RandomForest,NBT,FT,LMT
dom_20,98.7603305785124,100.0,100.0,99.58677685950413,100.0
dom_40,98.7603305785124,100.0,100.0,100.0,98.7603305785124
dom_60,100.0,100.0,99.58677685950413,100.0,99.17355371900827
dom_80,100.0,100.0,100.0,100.0,100.0
dom_100,100.0,100.0,100.0,100.0,100.0
dom_120,100.0,100.0,100.0,100.0,100.0
dom_140,100.0,100.0,100.0,100.0,100.0
dom_160,100.0,100.0,100.0,100.0,100.0
dom_180,100.0,100.0,100.0,100.0,100.0
dom_200,100.0,100.0,100.0,100.0,100.0
