,J48,RandomForest,NBT,FT,LMT
dom_20,100.0,100.0,100.0,100.0,100.0
dom_40,100.0,100.0,100.0,100.0,100.0
dom_60,100.0,100.0,100.0,100.0,100.0
dom_80,100.0,100.0,100.0,100.0,100.0
dom_100,100.0,100.0,100.0,100.0,100.0
dom_120,100.0,100.0,100.0,100.0,100.0
dom_140,100.0,100.0,100.0,100.0,97.79338014042126
dom_160,100.0,100.0,100.0,100.0,99.79939819458374
dom_180,100.0,100.0,100.0,100.0,99.5987963891675
dom_200,100.0,100.0,100.0,100.0,99.5987963891675
