Index of Opcode,Normalised Frequency
5,2.405118647
11,43.80344405
31,5.194074864
33,1.160664414
83,23.74463799
84,9.670683819
123,15.32479747
124,1.363536386
129,3.012228442
210,1.110888378
213,3.93053533
404,1.449104805
424,2.860455149
429,1.008770276
430,6.611459566
432,0.99561592
438,1.184950077
446,31.67119774
457,1.202907729
460,2.780515939
463,3.280102936
466,1.352546298
472,17.57304669
487,1.041442781
490,12.45113259
491,1.653231197
494,11.43223836
507,1.159403455
516,1.149619763
568,19.28284138
641,100
645,1.70669251
655,6.053036956
690,1.643736244
693,1.335047593
718,6.416259748
732,4.545317154
739,1.977031435
741,1.713309817
743,1.84565984
851,17.8666331
852,1.098346743
912,44.89907648
918,6.039523823
950,5.987642983
955,2.252401839
1006,2.077049006
1091,8.389125655
1113,13.79870952
1778,1.882889127
1788,13.24226786
